review,polarity,avg_word
"'membantu','kondisi','pandemi','tolong','evaluasi','ketersedian','obat','apotek','rekanan','kota','manado','resep','obat','batuk','apotek','suka','habis','sia','sia','konsultasi','dokter','ujung','ujungnya','obat','resep','apotek','rugi','chat','mahal','biaya','masukan','baik','pakai','fitur','chat','us','pelayanan','pelayanan','mengubah','produk','obat','menyarankan','konsultasi','dokterjelek'",negatif,8.045454545454545
"'konsultasi','dokter','bagus','durasinya','cepat','dokternya','dokternya','chatinganya','bantu','terimakasih'",negatif,10.0
"'astaga','obatnya','beli','obat','harganya','masuk','akal','lipat','ulang','chat','bantuan','coba','pembayaran','resep','bank','berbeda','obatnya','gagal','solusi','penyelesain','berulang','gagal','harga','obat','masuk','akal','semoga','baik','banding','pesaing'",negatif,7.766666666666667
"'terima,kasih','pelayananya','baik','cepat','pengirimanya','bantu','nambahkan','pelayanan','pengiriman','obatnya','baik','thanks'",positif,9.0
"'menelepon','nomor','hadiah','konfirmasi','aplikasi','mengadakan','hadiah','email','nomor','telepon,genggam'",positif,8.909090909090908
"'sumpah','alternatif','miris','uang','sakit','dirasa','hemat','pakai','aplikasi','bagus','pekerjaan','cocok','anak','kosan'",positif,7.857142857142857
"'konfirmasi','pelayanan','berguna','selesai','komunikasi','ulang','di,mana','kasih','bukti','screnshotnya','ampun','ampun','munculin','aplikasi'",negatif,8.666666666666666
"'membantu','darurat','rumah','anak','tetiba','anak','sakit','obat','habis','pesan','harga','obat','enaknya','cari','murah','terima,kasih'",positif,7.117647058823529
"'suka','suka','aplikasi','berbeda','aplikasi','sebelah','penjelasan','rekomendasi','obat','dokter','kesel','konsultasi','dokter','melewatkanya','ganti','dokter','saldo','berkurang','dikembalikan','mohon','perhatikan','dokter','sibuk','aktifitasnya','menyalakan','konsultasi','pengguna','keadan','darurat'",negatif,9.517241379310345
"'membantu','konsultasi','whatsapp','pandemi','chat','respon','plus','perihal','membantu','terima','kasih'",positif,8.636363636363637
"'telepon','mengatas','nama','aneh','penelpon','email','bilang','uang','juta','rupiah','aplikasi','memprivasi','email','mengambil','keuntungan','menipu','tolong','privasi','perketat'",negatif,8.578947368421053
"'keren','cepat','bagus','membantu','rumah','cek','kesehatan','aman','dimasa','pandemi','covid'",positif,7.636363636363637
"'membantu','jam','anak','sakit','konsultasi','dokter','terima','kasih','adi','suryadinata','membantu'",positif,8.272727272727273
"'membantu','mempermudah','mencari','obat','obatan','respon','cepat','pesan','terima,kasih'",positif,8.1
"'pulang','hapus','aplikasi','kecewa','profesional','di,bagian','chat','customer','terima','kasih'",negatif,7.909090909090909
"'konsultasi','pembayaran','pakai','gagal','keteranganya','dana','dikembalikan','konsultasi','coba','malas','tolong','sistem','pembayaran','diperbaiki'",negatif,9.785714285714286
"'membantu','pergi','rumah','sakit','antrian','dekat,sekali','aplikasi','membantu','praktis','takut','langsung','konsultasi','dokternya','dikasi','resep','makasi'",positif,8.529411764705882
"'ralat','kembalikan','bayar','aplikasi','membantu'",negatif,9.2
"'jujur','puas','nasihat','nasihat','penjelasan','dokternya','disayangkan','konsultasi','aplikasi','menit','otomatis','berhenti'",negatif,9.666666666666666
"'membantu','obat','dicari','dibeberapa','apotek','kosong','aplikasi','lengkap','pemakaian','aplikasi','mudah','thanks'",positif,8.916666666666666
"'aplikasi','membantu','kesehatan','produk','kesehatan','aplikasi','konsultasi','penyakit','beli','obat','obatan','produk','kesehatan','lainya','aplikasi','memilih','langsung','konek','akun','gojek','terima,kasih','pelayanan','sukses','bagus'",positif,8.68
"'tolong','evaluasi','respon','email','chat','transaksi','beli','gopay','kurir','mengantar','kecewa','pengembalian,dana'",negatif,8.23076923076923
"'aplikasinya','bagus','Cuma','saran','adakan','opsi','pembayaran','gerai','kaya','alfamart','indomart','membantu','remaja','orang','orang','gapunya','gopay','debit'",positif,8.166666666666666
"'bagus','aplikasi','ketemu','kurangnya','di,mana','bagus','respon','dokternya','cepat','bagus','pertahankan','membantu','bagus'",positif,8.142857142857142
"'aplikasi','nomor','sulit','membantu','keliling','apotek','obat','obat','jarang','tersedia','diapotik','konsultasi','dokter','mudah','pelayananya','ramah'",positif,8.6875
"'membantu','aplikas','khawatir','mendadak','malam','butuh','obat','membantu'",positif,8.625
"'sangan','membantu','isoman','membeli','obat','mencegah','penularan','virus','orang','bantu'",positif,8.3
"'daftar','masukan','email','nomor','telepon','masuk','nunggu'",negatif,7.857142857142857
"'membantu','orang','malas','rumah','nunggu','antre','dokter','bagus','pelayanan','cepat','resep','akurat'",positif,7.833333333333333
"'coba','membantu','pandemi','covid','rumah','diagnosis','beli','obat'",positif,7.75
"'memudahkan','antre','rumah','sakit','konsultasi','aplikasi','obat','diantar','rumah','membantu'",positif,8.7
"'bagus','membantu','pandemi','bantu','dokter','spesialisnya','juara','juara','semoga','pertahankan','bagus','bantu'",positif,8.666666666666666
"'admin','suntik','vaksin','dosis','tanggal','tanggal','teman','sms','suntik','vaksin','dosis','admin','mohon','pencerahanya'",positif,7.928571428571429
"'konsultasi','antisipasi','rumah','membantu','terima','kasih','menyediakan','aplikasi'",positif,9.875
"'terbantu','aplikasi','kemarin','cari','resep','dokter','putar','putar','apotek','terdekat','ketemu','aplikasi','terbantu','capek','capek','putar','putar'",positif,8.117647058823529
"'umur','uang','konsultasi','dokter','konsultasi','bayar','solosi','it','tolong'",positif,7.888888888888889
"'aplikasinya','bagus','chat','psikiatris','mudah','daring','dokternya','ramah','menghakimi','mengerti','keadan','terima','kasih'",positif,8.923076923076923
"'terima,kasih','bermanfaat','aplikasi','konsultasi','dokter','mudah'",positif,8.857142857142858
"'bagus','vaksin','kendala','efek','samping','timbul','ngantuk','divaksin'",positif,8.25
"'kecepatan','pengiriman','kilat','harga','obat','obatan','berbeda','apotek','langsung','bangga'",positif,8.6
"'aplikasinya','jelek','pesan','apotek','obatny','suruh','dibatalkan','cancelnya','bermasalah','telepon','pelayanan','batalin','jam','batalinya','batal','saldo','kerja'",negatif,8.882352941176471
"'bagus','konsultasi','dokter','rumah','sakit','khawatir','kena','covid','murah','harganya','konsultasi'",positif,8.454545454545455
"'pelayanan','cepat','aneh','pembayaran','memakai','kartu','kredit','kartu','tersedia','available'",negatif,8.8
"'aplikasi','lambat','coba','uninstal','aplikasi','telepon,genggam','aplikasi','berat','telepon,genggam','jalan','gabagus'",negatif,8.384615384615385
"'dokternya','hebat','hebat','jelas','fokus','keluhan','derita','terima','kasih'",positif,7.888888888888889
"'efektif','murah','bagus'",positif,7.666666666666667
"'bagus','aplikasi','membantu','dokter','dokternya','bagus','layanan','kesehatan','beragam'",positif,9.11111111111111
"'respon','keluhan','tim','pelayanan','respon','ulasan','memperbarui','respon','tim','pelayanan','cepat'",positif,8.454545454545455
"'membantu','konsultasi','dokter','langsung','repot','rumah','sakit','faskes','terima','kasih'",positif,8.4
"'menelpon','agen','nomor','rekening'",positif,8.25
"'bintang','kode','voucher','vaksinasi','kasih','bintang'",negatif,8.5
"'bagus','dokternya','responsif','lumayan','bagus','diajak','diskusinya','logis','analisis','gugup','gugup','dokter','ketemu','senang'",positif,8.571428571428571
"'bagus','antre','sakit','chat','langsung','dibalas','obat','diantar','terima','kasih','bantu'",positif,7.545454545454546
"'puas','konsultasi','pandemi','dokter','ramah'",positif,8.4
"'memuaskan','balas','cepat','pilihan','dokternya','meresepkan','obat','mahal','semoga','cocok'",positif,8.5
"'selamat','sore','admin','aplikasi','kerjasama','medicilin','mohon','admin','terima','kasih'",positif,8.3
"'membantu','darurat','langsung','tindakan','dokternya','ramah','terima,kasih'",positif,8.75
"'konsultasi','putri','farisa','konsultasi','selesai','resep','obat','terima','kasih'",positif,8.444444444444445
"'suka','menu','konsultasi','dokternya','memudahkan','mencari','informasi','kesehatan','tubuh'",positif,9.444444444444445
"'aplikasi','membantubantudokternya','ramah','ramah','profesional','sukses'",positif,11.5
"'membantu','posisi','di,luar','kota','kondisi','badan','fit','susah','cari','dokter','butuh','obat','sesuai','dosis','terbantu','aplikasi','terimakasih','bagus'",positif,7.473684210526316
"'membantu','terbantu','dokter','konsultasi'",positif,10.0
"'coba','gomed','cepat','respon','pengiriman','tingkatkan'",positif,8.666666666666666
"'bagus','konsultasi','psikologi','baik'",positif,9.0
"'dokternya','bagus','penjelasanya','detail','saran','saranya','obat','resep','bagus'",positif,8.444444444444445
"'pelayananya','baik','konsultasi','bagus','puas','terima,kasih','dokter','iman','terima,kasih'",positif,7.636363636363637
"'membantu','aplikasi','lelah','rumah','dibantu','aplikasi','bagus'",positif,8.571428571428571
"'tangapan','lambat','mengetik','keluhan','sokternya','chat','masuk','pakai','pangilan','suara','suaranya','perbaiki','pemakaian','berbayar','gratis'",negatif,8.933333333333334
"'cangih','berobat','di,mana','keren','cobain','gratis','bayar'",positif,6.875
"'kendala','boking','tes','swab','antigen','kliniknya','tutup','operasial','di,mana','boking','tes','swab','antigen','tim','cepat','responya','menelpon','konfirmasi','pengembalian,dana','masukanya','kordinasi','klinik','rumah,sakit','rekanan','ditingkatkan','sisanya','bagus','terima','kasih'",positif,8.125
"'pakai','langsung','merasakan','puasnya','semoga','layananya','konsisten','prima','menambah','kepercayanya','thanks'",positif,9.636363636363637
"'pelayanan','pembayaran','mengunanakan','debit','kartu','kendala','opsi','pembayaran'",positif,9.75
"'dengar','aplikasi','bagus','instal','masuk','apknya','ngerespon'",negatif,8.428571428571429
"'lumayan','lengkap','pelayanan','cepat','aplikasinya','mudah','membantu'",positif,9.428571428571429
"'terima,kasih','kasih','silfia','mandasari','respon','cepat','arahan','resep','bantubagus'",positif,8.1
"'bagus','baik','respon','cepat','akurat','sukses'",positif,7.333333333333333
"'kemudahan','rumah','sakit','obati'",positif,8.0
"'pelayanan','dokternya','ramah','baik','cepat','balasnya','terkesan'",positif,8.857142857142858
"'terbantu','situasi,dan,kondisi','sukses','bagus'",positif,7.333333333333333
"'pesan','obat','dibayar','dibatalkan','bayar','obatnya','ratusan','ribu'",negatif,8.125
"'pengembalian,dana','uangnya','telepon','customer','servicenya'",negatif,9.666666666666666
"'konsultasi','baik','bagus','konsultasi','servicenya','parah','respon','chat','luama','wktu','menit','habis','menyarankan','klinik','langsung','curahan,hati','kucing','konsultasi','mencari','solusi','kucing','aneh','aneh','bahasanya','sopan','mangil','saudara','tolong','seleksi','rekrut','dokter','jelek','pelayanan','jelek'",negatif,8.314285714285715
"'pelayanan','mengalami','kendala','menelpon','chat','tim','tolong'",positif,8.571428571428571
"'selesai','pembayaran','sukses','terpotong','saldo','dokternya','sibuk','pengembalian','dana','butuh','terhitung','masuk','konfirmasi','bank','terkait','aduh','otomatis','dana','dikembalikan','masuk','rekening','konfirmasi','bank','sulit','tolong','permudah','pengembalian,dana','orang','rumahnya','bankbantu'",negatif,9.0
"'sederhana','aplikasi','kebutuhan','medis','pesanya','mudah','sampainya','cepat'",positif,9.125
"'kecewa','daftar','vaksin','lanjut,usia','ditolak','alasan','mesti','pakai','ktp','suket','domisili','vaksinasi','suket','domisili','namanya','vaksin','gratis','warga','negara','indonesia','semoga','ulasan','dihapus','admin'",negatif,8.0
"'terima','kasih','gojek','vaksinasi','prambanan','bagus','pelayananya','menyuntik'",positif,9.375
"'profesional','terbantu'",positif,11.5
"'bagus','konsultasi','dokter','tatap','muka'",positif,8.0
"'konsultasi','puas','dokter','membantu','bantu'",positif,8.6
"'bermanfaat','cepat','respon','jempolan'",positif,9.25
"'membantu','konsultasi','informasi','terkait','kesehatan'",positif,10.6
"'dokter','anaknya','cepat','respon','aplikasinya','membantu','kondisi'",positif,9.142857142857142
"'aplikasi','membantu','darurat','terimakasih','ditungu','promo','menarik'",positif,9.571428571428571
"'bagus','memudahkan','konsultasi','dokter','spesialis'",positif,10.0
"'aplikasi','dokter','keluarga','sahabat','dijangkau','berjarak','aplikasi','sakit','pencuri','panik','pastikan','saldo','gopay','sederhana','hub','dokter','infokan','keluhanya','dibantu','obati','menunggu','obat','dikirim','instant','beli','gojek','sunguh','terobosan','bermanfaat','era','pandemi','berjarak','mendekat','dokter','sukses','bagus'",positif,8.61111111111111
"'dokter','ngelewatin','chat','gitu','terima','ajuan','saldo','diambil','uang','diambil','konsultasi','tolong','customer','servicenya','keluhan','rugi','jelas','mengecewakan'",negatif,8.666666666666666
"'kemarin','tepatnya','kamis','tanggal','maret','jam','wita','telepon','mengatasnamakan','call','servis','dokter','menginfokan','fitur','menyuruh','aktivasi','biaya','paket','bulanan','rp','auto','debit','bank','infokan','email','aktif','terdaftar','percaya','menyetujuinya','informasi','email','email','dana','terpotong'",negatif,8.441176470588236
"'membantu','konsultasi','rumah','kondisi','covid'",positif,9.0
"'parah','vaksin','lanjut,usia','dosis','parah','nunggu','jam','antre','heranya','vaksin','lancar','habis','jelas','buruk','kasian','orgtua','vaksin','lebih,baik','aplikasi','sebelah'",positif,7.318181818181818
"'dokternya','luamayan','berpengalaman','fitur','fiturnya','membantu'",positif,10.5
"'terimakasih','bagus','panik','keluhan','bantu'",positif,8.6
"'instal','daftarin','vaksin','lanjut,usia','tangalnya','bertuliskan','slot','tersedia','isi','data','upload','ktp','giliran','submit','penuh','tulisnya','auto','recheck','tersedia','slotnya','resubmit','penuh','jelas','perbaiki'",negatif,8.16
"'membantu','pembelian','obat','kota'",positif,8.25
"'membantu','memudahkan','pasien','keluarga','pelayanan','kesehatan'",positif,10.333333333333334
"'konsultasi','memuaskan','direkomendasikan','rumah','mengurangi','mobilitas','semoga','dokter','dokter','sehat','membantu','melayani','keluhan','pasien','membutuhkan','direkomendasikan'",positif,10.625
"'kasih','bintang','semoga','aplikasi','pelayanan','baik'",positif,8.5
"'membantu','dokternya','bagus','cepat','responya'",positif,9.0
"'puas','pelayanan','dilapangan','terkait','vaksin','terima','lancar','cepat','petugasnya','ramah','sabar','penuh','perhatian','terima,kasih','salam','sehat','bantu'",positif,8.166666666666666
"'tolong','kasih','chat','dokter','ny','ny','pembayaran','ny'",negatif,6.625
"'konsultasi','dokter','menghemat','thanks'",positif,9.75
"'terbaik','situasi','apapun','jam','konsultasi'",positif,8.6
"'menyenangkan','langsung','konsultasi','dokter','rumah'",positif,10.2
"'janji','sesuai','jadwal','tersedia','lab','prodia','mega','galaxy','sby','maret','jam','pagi','prodia','tutup','heranya','jadwal','tersedia','aplikasi','orang','kecele','chat','bantuan','lambat','respon','jam','solusi','sms','membatalkanatau','mereschedul','coba','aplikasi','aplikasi','pembatalan','berlaku','jam','jadwal','konsultasi','reshedule','jam','jadwal','konsultasi','ampun','ampun'",negatif,8.162790697674419
"'semoga','membantu','pasien','konsultasi','rumah','terima','kasih'",positif,8.571428571428571
"'pesan','obat','pelayanan','cepat','respon','langsung','dikirim','darurat'",positif,8.375
"'suka','aplikasi','membantu','pelayananya','bagus','case','kirim','barang','kekuranganya','langsung','kirim','kesokan','harinya','sukses','ditingkatkan','pelayananya'",positif,9.4375
"'menolong','pertolongan','kucing','membantu','bagus'",positif,9.6
"'dokter','ramah','baik','melayani','bijaksna','terima','kasih'",positif,8.0
"'terima','kasih','vaksin','covid','efek','signifikan'",positif,8.0
"'bagus','membantu','urusan','kesehatan','jam'",positif,8.2
"'bagus','dipakai','aplikasinya','cari','obat','harga','terjangkau'",positif,8.571428571428571
"'keren','cepat','respon','konsultasi','dokter','kandungan'",positif,8.833333333333334
"'kasih','bintang','kasih','aplikasi','terbaik','pembelian','kebutuhan','medis','darurat','rumah','bagus','masukanya','semoga','apotek','aplikasi','jarak','ambil','obatnya','bagus'",positif,8.473684210526315
"'puas','konsultasi','dokter','papua','susah','nebus','obat','nunjukin','chat','obatnya','untung','tanda','tangan'",negatif,7.769230769230769
"'niat','instal','aplikasi','pgnya','mempermudah','beli','obat','kondisi','sakit','kos','beli','estimasi','nyampenya','aplikasi','cocok','kondisi','darurat','beli','obat','orang','sakit','parah','terlanjur','wasalam','obatnya','mengedit','ulasan','aplikasi','diperbaiki','sistemnya'",negatif,8.4
"'selamat','siang','salam','telepon','mengatas','namakan','biaya','klaim','pengaktifan','biaya','bulanan','menyebut','nomor','rek','sistem','pemotongan','ribu','mohon','konfirmasi','takutnya','saldo','tepotong','bulanya','terima','kasih'",positif,8.48
"'membantu','pandemi','terimakasih'",positif,10.666666666666666
"'konsultasi','dokternya','nyaman','keluhan','foto','langsung','area','sakitnya','dokter','detail','semoga','resepnya','cocok','mengatasi','keluhan','terima,kasih','dokter'",positif,8.555555555555555
"'praktis','bagus','dokternya','keluhan','terima,kasih'",positif,8.166666666666666
"'terima,kasih','aplikasi','terpercaya','chat','langsung','bagus'",positif,8.285714285714286
"'coba','kaji','vaksin','mitra','ojol','sejatinya','mitra','pakai','aplikasi','ojol','mencari','rezeki','gojek','grab','indriver','maxim','aplikasi','wajib','vaksin','mitranya','repot','batalin','kerja','vaksin','biar','mitra','vaksin','aparatur','pemerintah'",negatif,7.931034482758621
"'dokter','anak','bayi','berusia','anak','rawat','rumah','sakit','hasil','rongsen','mengidap','penyakit','radang','paru','tolong','dokter','anak','sembuh','total','penyakit','terimakasih','bantu'",positif,7.863636363636363
"'respon','baik','dokternya','terima','kasih'",positif,8.0
"'aplikasi','berguna','terima','kasih','mengadakan','kegiatan','vaksin','serentak','prambanan','sleman','terima','kasih','pemerintahan','diy','yogyakarta','sponsor','kegiatan','semoga','pembuatan','kegiatan','pahala','berlimpah','tuhan','maha','esa','terima','kasih','terbaik','regard','beny'",positif,8.733333333333333
"'posisi','pengambilan','obat','rumah','menunggu'",negatif,8.8
"'janji','buka','jam','dokternya','balas','balas','apsnya','dibatalkan','tulisanya','aplikasi','daring','mengecewakan','unduh','butuh','berguna','donasikan','menu','donasi','pilihan','pembayaran','saldo','menunjukan','pelayananya','sebanding','aplikasi','sebelah'",negatif,9.115384615384615
"'klg','periksa','pacar','hasilnya','periksa','tanggal','maret','jam','drive','thru','kemayoran','tanggal','maret','jam','hslnya','butuh','hslnya','cepat','pelayanan','pemeriksan','covid','dihalo','menurun','periksa','gratis'",negatif,8.0
"'pengalaman','bagus','konsultasi','dokter','pilihan'",positif,9.6
"'mohon','maaf','kasih','bintang','jelek','pelayananya','pesan','vitamin','tangal','estimasi','tangal','proses','tolong','pelayanan','telepon','chat','cek','cek','cek','pembatalan','pesanan','beli','pasar','saldo','tarik','rekening','tolong','tingkatkan','pelayananya','tolong','kirim','pesanan'",negatif,8.21875
"'membantu','terima','kasih','dokter','ny','aplikasi','ny','bantu'",positif,7.25
"'memudahkan','konsultasi','dokter','bertemu','langsung'",positif,10.2
"'konsultasi','keluhan','mudah','sulit','antre','rumah','sakit'",positif,8.0
"'dokter','gratis'",negatif,8.0
"'tertolong','aplikasi','zaman','covid','takut','rumah','sakit','konsultasi','hewan','peliharan','konsultasi','gigi','pokoknya','tertolong','terima','kasih'",positif,8.75
"'penjelasan','dokter','lengkap','ramah','terima,kasih'",positif,8.166666666666666
"'terbaik','diandalkan','suka'",positif,9.0
"'malam','malam','sakit','binggung','ke,mana','keluhan','obat','langsung','diantar','kendala','pengiriman','kadang','driver','kontak','langsung','teleponya'",negatif,8.176470588235293
"'jelas','daring','pilihan','aman'",positif,7.5
"'membantu','transaksi','biaya','permudah'",negatif,9.5
"'percakapan','dokter','jelas','arahanya','bagus'",positif,8.8
"'vaksin','tanggal','maret','daftar','vaksin','kode','kupon','dikirim','urusnya','terima','kasih'",positif,7.818181818181818
"'membantu','konsultasi','langsung','dokter'",positif,10.0
"'bagus','dokter','susah','mahal','bagus'",positif,7.2
"'bayar','dokternya','sibuk','chat','ulang','digubris','nyapa','bilang','dokternya','sibuk','gopay','kepotong','pengembalian','dana','mohon','pertimbangkan','dokter','gubris','baik','dilaporkan','sibuk','sedang,apa','coba','berani','daftar','risiko','nerima','permintan','konsultasi','pasien','manapun','diemin','membingungkan','pengembalian,dana','fleksibel','jam','respon','sesi','berbayar','hak','pasien','makan','gaji','buta','chat','diam','diam','baik'",negatif,8.14
"'tangal','maret','saldo','anjungan,tunai,mandiri','ambil','program','adakan','kemarin','telepon','mengatasnamakan','pelayanan','rugikan','berhenti','berhenti','langgan'",negatif,8.941176470588236
"'transaksi','gagal','saldo','kepotong','diliat','riwayat','transaksinya'",negatif,9.428571428571429
"'layanan','proses','cepat','catatan','pasien','status','gejala','covid','dokter','kasih','himbauan','mengasih','pil','tidur','sesuai','dosis','perlukan','orsng','sakit','butuh','istirahat'",positif,8.0
"'beli','obat','layanan','dokter','bagus','ganguan','ganti','nomor','nomor','ganti','pakai','email','riwayat','transaksi','hilang','aplikasi'",negatif,7.8125
"'senang','aplikasi','cepat','respon','obat','langsung','diantar','resep','pelayanan','jam','dokter','baik','informatif','terima','kasih'",positif,8.133333333333333
"'pembayaranya','diperluas','gopay','bca','mandiri','debit','maksudnya','ragu','cobain','apknya','dokter','langsung','pandemi','pembayaranya','di,mana','indomaret','alfamart','dan,sebagainya','kota','akses','mudah','desa','susah','intinya','ditingkatkan','mohon'",negatif,8.357142857142858
"'membantu','lanjut,usia','biaya','kesehatanya','terbatas'",positif,8.666666666666666
"'konsultasi','dokter','line','memudahkan','pilihan','dokter','kisaran','biaya','disesuaikan','terima','kasih'",positif,9.0
"'aplikasi','membantu','kalangan','luas','terbatas','milenial','konsultasi','tipis','tipis','saran','muculkan','saldo','profile','pemilik','akun','permudah','mengisi','saldo','berbagi','bank','aplikasi','bayar','bayar','lainya'",positif,8.458333333333334
"'membantu','pandemi'",positif,9.5
"'bermanfaat','orang','membutuhkan','bantuan','cepat'",positif,9.6
"'cangih','langsung','konsultasi','dokter','ahlinya','rumah','sakit','respon','cepat','dokter','membantu','membutuhkan','pelayanan','kesehatan'",positif,9.214285714285714
"'janji','rapid','tutup'",negatif,7.0
"'aplikasi','ambil','antrian','daring','aplikasi','terintegras','hasil','cek','upayakan','laporan','laporan','laporan','laporan','sehat','sulit','expetasi','tujuan','utama','boh','fair','slogan','customer','klinik','bolak','hasil','test','sedang,apa','pakai','daring'",negatif,7.9
"'semenjak','terbantu','konsultasi','beli','obat','rumah','antre','rumah','sakit','apotek','bagus','diskon','sesi','konsultasi','dokter','makasi','memudahkan','hidup','semoga','promo','sukses','bagus'",positif,8.090909090909092
"'mengalami','kekesalan','apsnya','mendaftar','vaksinasi','lanjut,usia','berhubung','lanjut,usia','janji','tangal','vaksinasi','dibatalkan'",negatif,8.928571428571429
"'aplikasinya','jelek','aktivasi','lambat','terusan','diklik'",negatif,9.166666666666666
"'puas','bagus','ulasanya','cocok','ramah','cocok','obatnya'",positif,7.571428571428571
"'terima','kasih','konsultasi','membantu'",positif,9.25
"'pelayanan','memudahkan','obat','keliling','apotek','lengkap','solusi','terbaik','kelengkapan','obatnya','terima','kasih'",positif,9.166666666666666
"'membantu','pesan','obat','sampainya','darurat','butuh','sedih','histori','perjalanan','paket','obatnya','kaya','menunggu','sampenya','memperbarui','terima,kasih','tim','cepat','respon','kejelasan','bantu'",negatif,8.363636363636363
"'bermanfaat','anak','sakit','dimalam','rumah,sakit','chat','dokter','aplikasi','smuanya','beres','pandemi','terima,kasih','bantuanya','dokter','terima,kasih','aplikasi'",positif,7.894736842105263
"'bagus','cepat','konsultasi','terima,kasih'",positif,7.8
"'dokter','kamar','terpisahkan','dipakai','isolasi','mandiri','angota','keluarga','kena','covid','sembuh','kamar','disterilkan','dipakai','masuk','kamar'",positif,8.5625
"'diperbarui','aplikasi','dibuka'",negatif,10.0
"'aplikasi','bermanfaat','pembelian','obat'",positif,9.75
"'dokter','bagus','informasi','jelas','menolong'",positif,8.6
"'senang','berobat','konsultasi','doktet','shanti','tandayu','internist','ramah','jelas','bertele','obat','arahan','bagus','isk','membaik','terima','kasih','bermanfaat','bagus'",positif,8.263157894736842
"'driver','gojek','kemarin','pesan','vaksin','covid','bawa','orang','lanjut,usia','vaksin','membawa','orang','lanjut,usia'",positif,7.133333333333334
"'aplikasi','membantu','di,tengah','pandemi','covid','rumah','tingal','aplikasi','terimakasih','tingkatkan','kualitasnya'",positif,9.083333333333334
"'janji','dokter','vaksin','manula','drive','thru','mudah','terima,kasih'",positif,7.111111111111111
"'berpartisipasi','penangulangan','covid'",positif,12.666666666666666
"'membantu','memuaskan','informasi','pelayanan'",positif,10.75
"'kasih','bintang','kendala','pembayaran','gopay','penyelesaian','tim','cepat','membantu','terima,kasih','tim','bagus'",positif,8.076923076923077
"'beruntung','aplikasi','antre','antre','rumah,sakit','klinik','obat','obat','rekomendasikan','manjur'",positif,8.272727272727273
"'vaksin','sertifikat','vaksinya','admin'",positif,9.25
"'aplikasinya','bagus','pelayanan','konsultasinya','cepat','respon','apotiknya','cepat'",positif,9.875
"'pemesanan','obat','fitur','chatnya','tolong','dialihkan','fitur','sms','butuh','pulsa','dialihkan','fitur','gojeknya','fitur','chat','aplikasi','konfirmasi','driver','pakai','pulsa'",negatif,8.15
"'dokter','ramah','diskusi','bagus','lancar','salut','sangka','bagus','jam','obat','ditangan'",positif,7.454545454545454
"'asli','parah','aplikasi','niat','mempercepat','urusan','rapid','antigen','terkendala','aplikasi','sia','sia','berharap','berharap','berangkat','kerja','parahnya','dana','dikembalikan'",negatif,8.736842105263158
"'aplikasi','konsultasi','dokter','bermanfaat','kondisi','menjelaskan','keluhanya','salah','diagnosis'",positif,10.333333333333334
"'cepat','hemat','efisien','janji','vaksinasi','covid','lanjut,usia','aplikasi','membantu','tingal','janji','vaksinasi','sukses','amanah','bagus'",positif,8.0625
"'terima','kasih','pandemi','aman','kesini','konsultasi','dokter','senior','langgan','terima','kasih'",positif,8.181818181818182
"'bagus','kadang','obat','tersedia','apotek','terdekat','pesan','daring','semoga','ke,depan','baik'",negatif,7.25
"'sumpah','chat','dokter','pakai','bayar','enga','aplikasi','membantu','orang','susah','konsultasi','bayar','kecuali','beli','obat','periksa','bagus','chat','bayar','membantu'",negatif,7.75
"'bermanfaat','aplikasi'",positif,11.0
"'aplikasinya','jalan','respon','menyebalkan'",negatif,10.25
"'konsultasi','memuaskan','pergi','apotek','ucapkan','terima','kasi','aplikasi','semoga','manfat'",positif,8.7
"'bagus','aplikasi','respon','dokternya','baik'",positif,8.4
"'terimakasih','membantu','darurat','libur','terimakasih','dokter','stand','beli','libur','chat','asik','ramah','informasi','akurat'",positif,8.428571428571429
"'informasi','mudah','terjawab'",positif,9.333333333333334
"'aplikasi','berbayar','aplikasi','bagus','cobain','diliat','download','bagus','download','berbayar','langsung','kecewa','tolong','kembangkan','biar','aplikasi','berbayar','gratis','aplikasi','sebelah','kasih','bintang','fitur','dokter','gratis','kasih','bintang'",negatif,8.74074074074074
"'membantu','apan','jelas','sulit','bayar','sulit','aplikasi','berguna','sumpah','hack','aplikasi','sumpah','janji','rapid','persulit'",negatif,7.933333333333334
"'aplikasi','berguna','efisien','memesan','obat','dimanapun','cari','apotek','menyediakan','obatnya','suka','cinta','aplikasi','kembangkan'",positif,8.928571428571429
"'membantu','pelayanan','ramah','bagus','dokter'",positif,8.6
"'puas','dokter','dokternya','baik','ramah','ramah','diaknosa','obatnya','bagus','cocok','semoga','dokternya','sehat','amin'",positif,7.857142857142857
"'pengirim','ramah','sesuai','pemesanya','salut','drivernya'",positif,9.0
"'membantu','dimasa','pandemi','konsultasi','obat','rumah','serasa','dokter','pribadi'",positif,8.555555555555555
"'asalamualaikum','maaf','habis','unduh','aplikasi','playstore','buka','aplikasinya','masuk','aplikasi','klik','chat','dokter','lihat','di,situ','pilihan','dokter','chat','konsultasi','kesehatan','konsultasi','kesehatan','dokter','aplikasi','membayar','chat','konsultasi','dokter','chat'",positif,8.566666666666666
"'solusi','praktis','biaya','murah','dokter','responsif'",positif,8.333333333333334
"'daring','sesi','petunjuk','konsultasi','beli','teks','telepon','buang','buang','uang','bayar','konsultasi'",negatif,8.0
"'uang','diterima','status','tes','antigenya','dikonfirmasi','dikonfirmasi','maunya','nerima','uang','layan','customer','responya','lancar','lancar','kecewa','berat'",negatif,8.705882352941176
"'aplikasi','membantu','keluarga','membeli','obat','obatan','vitamin','tes','pacar','pandemi','bagus','pokoknya'",positif,8.333333333333334
"'aplikasi','bagus','scheduling','dokter','antre','rumah,sakit','Cuma','pelayanan','mengecewakan','hasil','tes','infokan','sms','selesai','hasil','tes','hardcopy','softcopy','ambil','tes','media','chat','pelayanan','responya','lambat','respon','menit','memutuskan','jalur','komunikasi','ulang','respon','lambat','pelayanan','konfirmasi','konfirmasi','terkait','sla','sisi','responsif'",negatif,8.365853658536585
"'dokter','responsif','nyaman','konsultasi','terima,kasih'",positif,8.666666666666666
"'membantu','sulit','rumah'",positif,8.0
"'keren','aplikasi','membantu','darurat','terima','kasih','feny','ramah','konsultasi','resepnya','cocok'",positif,8.454545454545455
"'iwan','setiawan','ag','salah','driver','gojek','bandar','lampung','konfirmasi','orderan','apotek','jesaya','farma','orderan','pengambilan','obat','harap','menunggu','barang','persiapkan','obat','pemesanan','tersedia','aplikasi','gojek','jalankan','pemesanan','gojek','barang','driver','tingal','bawa','barang','menjalankan','orderan','berdasarkan','konfirmasi','pelangan','apotek'",negatif,8.794871794871796
"'niat','make','aplikasi','cepat','rumah','apoteknya','apotek','bumn','swasta','diskitar','fitur','ngebuat','pembeliatau','driver','milih','apotek','terdekat','pakai','manual','nahan','sakit','posisi','kota'",negatif,8.0
"'chat','berbayar','lebih,baik','pakai','bagus','google','gratis'",negatif,7.125
"'aplikasi','membantu','metode','pembayaranya','tambahin','pembesaran','harga','baik','tingkatkan','sukses','terima','kasih'",negatif,9.333333333333334
"'bagus','puas','petugas','ramah','memahami','dibidangnya','kepemilikan','kustomer','layani','ramah','kustomer','merasakan','puas','upgrade','bidang','kedokteran','memperbarui','terbaru','medicine','informasi','virus','corona','virus','lainya','vaksin','umur','servis','drivethru','dimudahkan','pengajuan','sertifikat','hasilnya','harga','terjangkau'",positif,9.294117647058824
"'terima','kasih','membntu','era','pandemi','sulit','rumah,sakit','konsultasi','diam','rumah','tingal','chat','dokternya','ramah','responsif'",positif,7.8125
"'membantu','pademi'",positif,9.0
"'membantu','konsultasi','kesehatan'",positif,11.0
"'selamat','malam','mohon','maaf','berbayar','konsultasi','salah','dokter','aplikasi','terima,kasih'",positif,8.090909090909092
"'mencari','obat','mudah','pelayananya','cepat'",positif,8.4
"'dokternya','sabar','jelas','akurat','baik','terima,kasih','dokter','bosen','ya','dokter','kesehatan','bantu'",positif,7.461538461538462
"'aplikasi','membantu','anak','anak','keluarga','sehat','berangkat','klinik','langsung','terima','kasih','bagus'",positif,8.333333333333334
"'uang','pengembalian,dana','juta','pembatalan','pacar','dikirim','tangal','februari','februari','statusnya','proses'",negatif,8.75
"'membantu','musim','pandemi'",negatif,8.666666666666666
"'bagus','dokternya','ramah','puas','berkeluh','kesah','biaya','murah','di,rumah','memudahkan','diksi','resep','dikasi','penjelasan','detail','bayar','konsulnya','diskon','terima,kasih'",positif,7.809523809523809
"'aplikasi','membantu','pandemi','dokter','dokternya','bagus','obat','obatan','efektif','diskon','konsultasi'",positif,8.909090909090908
"'membantu','pandemi'",positif,9.5
"'bagus','membantu','keluarga','setahun','bagus','hasiat','obat','obatan','kasih','bagus','bagus'",positif,7.818181818181818
"'aplikasi','membantu','harga','konsultasi','bersahabat','dokter','ramah'",positif,9.428571428571429
"'dokternya','ramah','responya','cepat','direkomendasikan','bagus','repot','repot','kerumah','sakit','obatnya','langsung','dikirim','bagus'",positif,8.928571428571429
"'bagus','membantu','respon','dokter','cepat','rumah,sakit','konsultasi','obat','dikirim','rumah','terima,kasih'",positif,7.615384615384615
"'membantu','pandemi','rumah','beli','obat','anak','sakit','suruh','bagustrimakasih','aplikasi','membantu','bagus'",positif,8.5
"'membantu','konsultasi','kesehatan'",positif,11.0
"'pakai','aplikasi','binggung','konsultasi','baik','ramah','jelas','terimakasih'",positif,9.0
"'senang','aplikasi','mempermudah','sehat','konsultasi','daring','kondisi','pandemi'",positif,9.5
"'baik','kesehatan','konsultasi','dokter','dokternya','ramah','ramah','baik'",positif,8.5
"'anjuran','kasih','obat','saran','berguna'",positif,7.6
"'terimakasih','mas','amirul','cepat','respon','surat','bagus','pekerjaan','man','bagus','kesulitan','aktifkan','lokasi','login','tolong','dibantu','senoari'",negatif,8.235294117647058
"'bagus','secepat','kilat','penjelasan','detail'",positif,8.6
"'ramah','ramah','bagus','responsif','penjelasan','butuhkan'",positif,9.0
"'membantu','kondisi','covid'",positif,8.666666666666666
"'maaf','rapid','antigen','kemayoran','metode','pembayaran','pakai','anjungan,tunai,mandiri','bri','terima,kasih'",positif,7.6923076923076925
"'dokter','ramah','penjelasan','akurat'",positif,8.75
"'terimakasih','dokter','semoga','bermanfaat'",positif,10.25
"'aplikasi','bagus','murah','terima,kasih'",positif,7.4
"'membantu','bermanfaat','pandemi','obat','dianjurkan','baik','cepat','menyembuhkan','sesuai','penyakit','sasaran','terima','kasih'",positif,9.076923076923077
"'bagus','konsultasi','jam','obat','langsung','jam','aplikasi','membantu','semoga','obat','cocok'",positif,7.818181818181818
"'dokternya','menjelaskan','jelas'",positif,10.333333333333334
"'pembayaran','ovo','dana'",positif,7.666666666666667
"'bagus','kasih','informasi','menarik','baik'",positif,8.0
"'mantap','murah','konsultasi','dokter','bayar','gopay'",positif,8.166666666666666
"'membantu','pengalaman'",positif,11.0
"'baik','penanganan','suka','panik','diagnose','baik','langsung','ahlinya','teman-teman'",positif,8.777777777777779
"'pemesanan','pengiriman','obat','cepat','membantu','keadan','mendesak','ayah','obat','jantung','secepatnya','jam','terima','kasih'",positif,8.357142857142858
"'aplikasi','bagus','membantu'",positif,9.0
"'aplikasi','bagus','dokternya','responya','cepat','bagus'",positif,8.666666666666666
"'pelayanan','baik','hasil','cepat','diterima','customer'",positif,8.5
"'chat','dokternya','membantu'",positif,9.0
"'praktis','membantu','terima,kasih'",positif,8.0
"'w','kirim','mata','m','yun','ukm','j','mi'",positif,4.5
"'puas','cepat','tangap','bantu'",positif,7.0
"'berbayar','gratis','obat','batuk','pilek','terbaik','dijual','warung','paham','perbedan','obat','lumayan','aplikasi','lihat','dokter','cantik','pengalamanya','lulusan','bintang','aplikasi'",negatif,8.5
"'terima,kasih','dokter','uji','asiah','m','sc','dokternya','baik','ramah','jelas','penjelasanya','senang','konsultasi','bu','dokter'",positif,7.3125
"'sedang,apa','mengantri','klinik','rumah','sakit','dokter','lebih,baik','tingal','klik','konsultasi','keluhan','menunggu','obat','beres','keren','terima,kasih','kasih'",positif,7.4
"'bintang','pilihan','pembayaran','terbatas','evaluasi','pilihan','pembayaran','linkaja','transfer','rekening','virtual'",negatif,9.909090909090908
"'paket','pertangung','terimakasih','dana','diganti','proses'",negatif,9.166666666666666
"'bintang','coba','masuk','langsung','sinyal','telepon,genggam','mendukung'",negatif,8.375
"'bagus','konsultasi','langsung','dokter','spesialis','semoga','sukses'",positif,9.142857142857142
"'konsultasi','memuaskan','lumayan','ramah'",positif,9.75
"'penolong','aplikasi','pengguna','mudah'",positif,9.25
"'membantu','kondisi','rumah','sakit','pasien','aman','sehat','t','jaga','terima','kasih','pertahankan','respon','cepat','dokter'",positif,7.6
"'konsultasi','pakai','bayar','kaya','lebih,baik','langsung','rumah,sakit','langsung','kasih','obatnya','bukanya','membantu'",negatif,7.857142857142857
"'membantu','darurat','membutuhkan','obat','malam','haripun','chat','dokter','spesialis','obatny','cepat','dtangnya','terima,kasih','gosend'",positif,8.333333333333334
"'kode','voucher','bilang','invalid'",positif,8.0
"'proses','mudah','cepat','pemesanan','obat'",positif,7.8
"'terima,kasih','aplikasi','mudah','konsultasi','dokter','semoga','sakit','sembuh','amin'",positif,7.9
"'membantu','sakit','mag','kosan','berjalan','apotek','pesan','beli','gojek','puji','tuhan','langsung','minum','obat','sembuh','untung','bagus'",positif,7.411764705882353
"'bagus','bermanfaat','teratas'",positif,9.333333333333334
"'praktis','dokter','pelayanan','ramah','bagus'",positif,8.4
"'praktis','puas','terima','kasih'",positif,7.5
"'membantu','pandemi','hamil','puas','respon','baik','ramah','dokter','dokter','senang','terbaik','suka'",positif,7.666666666666667
"'terima,kasih','apotek','pesan','obat','rutin','suami','semoga','smakin','bagus','depanya','terima,kasih','bagus'",positif,7.142857142857143
"'membantu','konsultasi','dokter','antre','pembelian','obat','mudah','langsung','diantar','rumah'",positif,8.7
"'dokternya','tangap','cepat','respon'",positif,8.5
"'call','servis','dokter','menelepon','menawarkan','prodak','unlimited','perbulan','sistem','auto','debit','fasilitas','bebas','chat','dokter','fitur','aplikasi','berubah','tarif','gratis','ulasan','lengkap'",negatif,8.409090909090908
"'dokternya','balasnya','cepat','ramah'",positif,8.75
"'barusan','telepon','mengatas','namakan','email','pribadi','data','nmor','rekening','anjungan,tunai,mandiri','bner','mohon','infonya','bner','bong','data','anjungan,tunai,mandiri','membawa','kepihak','ulasan','lengkap'",negatif,7.76
"'binggung','biaya','penanganan','biaya','ongkos,kirim','gataunya','biaya','penanganan','ongkirnya','tertawa','jatohnya','murah','terimakasih','suka'",positif,8.933333333333334
"'respon','pelayanan','lambat','keluhan'",negatif,9.0
"'pesan','obatnya','susah','mencari','driver','pesan','offline','langsung','apotek','kasih','lihat','resepnya'",negatif,8.166666666666666
"'bagus','konsultasi','dokternya','bagus'",positif,9.25
"'maaf','download','aplikasi','gejala','sakit','alami','kenakan','biaya','bantu'",negatif,7.888888888888889
"'bagus','terbantu','konsultasi','penyakit','obatnya','terima'",positif,9.333333333333334
"'bagus','aplikasinya','membantu'",positif,10.0
"'terima','kasih','serba','cepat'",positif,7.25
"'pagi','pagi','konsultasi','bu','dokter','cantik','diagnosis','baik','resep','terjangkau','bahasa','ramah','terima','kasih','bantu'",positif,7.8
"'maaf','mingu','hidung','mencium','bau','coba','jelaskan'",positif,7.285714285714286
"'rekomendasi','unduh','kesulitan','mencari','membeli','obat','dibutuhkan'",positif,9.571428571428571
"'membantu','terima','kasih'",positif,8.333333333333334
"'mag','kambuh','berat','dokter','untung','selesai','konsultasi','daring','resep','langsung','diorder','gojek','terima,kasih'",positif,7.928571428571429
"'bagus','cepat','pengiriman','semoga','obatnya','manjur','cepat','berkhasiat','secepat','pengiriman','sukses'",positif,9.0
"'pelayanan','pengobatan','penyembuhan'",positif,12.0
"'balita','usia','beberap','telinga','anak','sebelah','kanan','cairan','bau','anak','terkadang','memukul','telingan','telapak','tangan','kasih','obat','terima','kasih'",positif,7.7894736842105265
"'terima','kasih','aplikasi','malam','sakit','pinggang','salah','rekan','dokter','bernama','feny','membantu','sakit'",positif,7.923076923076923
"'buatin','dokter','chat','gratis'",positif,7.5
"'pandemi','membantu','klik','terhubung','konsultasi','obat','langsung','diantar'",positif,9.125
"'suda','pembayaran','chat','pembayaran','berhasil','chat','dokter','sibuk'",negatif,8.375
"'kesekian','konsultasi','dokter','dokter','konsultasi','nency','binggung','mingu','dokter','dokter','spesialis','libur','praktik','terima','kasih','dokter'",positif,8.75
"'membantu','obat','langsung','diantar','gopay','saldo','great','senang'",positif,8.0
"'instal','aplikasi','wlopun','tertawa','bagus','lengkap','mudah','instal','coba','konsultasi','gizi','keren','dokternya','asik','terima','kasih','aditya','mulyantari'",positif,8.277777777777779
"'pesan','obat','status','terkirim','terima','obatnya','telepon','pelayanan','ktnya','diurus','penyelesaian','ktnya','aplikasi','bagus','pelayanan','buruk'",negatif,8.6875
"'hai','cari','swab','antigen','rsatau','klinik','terdekat','reading','crash','mohon','dibantu'",negatif,7.636363636363637
"'membantu','terima,kasih'",positif,7.666666666666667
"'aplikasi','bagus','dokter','didalamnya','bertangung','bangat','semoga','aplikasi','berkembang','baik','dimasa'",positif,9.181818181818182
"'bagus','dokter','direkomendasikan'",positif,11.0
"'baik','diperbaiki','verifikasi','kode','otp','pembayaran','gopay','berulang','berulang','sukses','terima','kasih'",negatif,8.583333333333334
"'terbantu','pandemi','konsultasi','dokter','obat','dikirim','langsung','apotek','bayarnya','cashles'",positif,9.1
"'mudah','repot','repot','antre','antre','rumah,sakit','klinik','klik','konsultasi','kasih','resep','obat','thanks','semoga','dokter','sukses','amin','bagus'",positif,7.2631578947368425
"'membantu','cepat','praktis','memuaskan'",positif,9.25
"'log','out','verifikasi','kode','dikirim','sms','error'",negatif,7.0
"'era','pandemi','dokter','konsultasi','daring','membantu','terima','kasih'",positif,8.375
"'perlayan','baik','sopan','lokasi','mudah','area','luas','memudahkan','vaksin','menjalankan','proses','m','bravo'",positif,7.769230769230769
"'membantu','aman','selagi','pandemi','malas','antre','penjelasanya','memuaskan'",positif,9.0
"'terbantu','aplikasi','dokternya','baik','baik'",positif,8.6
"'konsultasi','dokter','baik','cepat','responsif','pesan','obat','status','pembayaranya','dibatalkan','jelek'",negatif,8.909090909090908
"'bagus','suka','aplikasi'",positif,7.666666666666667
"'pembayaran','dokternya','chat','terima,kasih','pengembalian,dana'",negatif,8.571428571428571
"'bagus','pelayanan','baik','jelas','cepat'",positif,7.6
"'membantu','pandemi','dokternya','baik','sabar','keluhan','pasien'",positif,8.571428571428571
"'konsultasi','dokter','mudah','menenangkan','panik','pertolongan','sakit'",positif,9.571428571428571
"'bagus','pelayananya'",positif,10.0
"'selamat','siang','dokter','barusan','telepon','mengatasnamakan','pelayanan','dokter','menjelaskan','klaim','dana','jt','data','lengkap','email','nomor','rekening','bank','aneh','email','nama','nomor','rek','un','ulasan','lengkap'",negatif,7.884615384615385
"'kasih','bonus','kaki','beli','obat','pakai'",positif,6.5
"'bagus','cepat','respon','dokternya','membantu','terima,kasih'",positif,8.0
"'terimakasih','aplikasi','bantu'",positif,10.0
"'cepat','tangap','aplikasi','sulit'",positif,8.0
"'terbaik','konsultasi','terbaik'",positif,10.0
"'malam','malam','sakit','kontak','langsung','konsuli','obat','kirim','membantu','infokan','teman','teman'",positif,7.833333333333333
"'aplikasi','orang','kelas','tibang','obat','bayar','sunguh','miris','negeri','ktika','orang','pintar','anugerah','membantu','ihklas','seakan','uwang','kuasa','tuhan'",negatif,7.7368421052631575
"'membantu','memfasilitasi','pendaftara','vaksinasi','covid','lanjut,usia','apotek','butuh','obat','malas','rumah'",positif,8.5
"'mantap','kemarin','putus','koneksi','chat','dokter','ulasan','bintang','lansung','ditelpon','dikembalikan','uangnya','mantap'",positif,8.76923076923077
"'membantu','resep','dokter','obat','dikirim','daring','terima','kasih'",positif,7.875
"'bagus','pandemi','membantu','terima','kasih','sukses','bantu'",positif,8.0
"'membantu','respon','cepat','terima,kasih'",positif,7.6
"'terbantu','adany','aplikasi','maju'",positif,8.25
"'alamat','maaf','mencantumkan','alamat','manual'",positif,8.8
"'aplikasi','ketiga','apotek','toko,online','sedia','barang','kondisi','edisi','th','beli','langsung','apotek','gojek','kasih','obat','edisi'",negatif,7.294117647058823
"'respon','dokter','cepat'",positif,7.666666666666667
"'bagus','antre','rumah','sakit'",positif,7.0
"'profesional','cepat','tangap'",positif,9.333333333333334
"'membantu','mudah'",positif,8.5
"'aplikasi','membantu','vet','dokter','suci','dokter','hewan','ramah','konsultasi','dokter','suci'",positif,7.909090909090909
"'membantu','terima,kasih'",positif,7.666666666666667
"'thanks','membantu','mendapt','resep','pergi','dokter'",positif,8.166666666666666
"'pengalaman','aplikasi','bagus','semoga','bermanfaat','membantu','menyembuhkan'",positif,10.428571428571429
"'mudah','konsultasi','dokter'",positif,9.0
"'nomor','telepon,genggam','muncul','otentikasi','nomor','telepon,genggam','tolong','tim','it','back','end','diperbaiki','terima,kasih'",negatif,7.4375
"'menolong','aplikasinya','darurat','anak','anak','ditingal','rumah','terima','kasih'",positif,8.444444444444445
"'aplikasi','pintar','membantu','dimasa','pandemi','antre','apotek','apotek','antre','dikasir','apotek','tingal','pakai','gopay','terima','kasih'",positif,8.0625
"'sistem','pembayaran','pakai','gopay','kasih','pembayaran','lakukan','indomaret','alfamaret'",negatif,9.333333333333334
"'terima,kasih','mempermudah','berobat','klinik','dimasa','pandemi'",positif,8.571428571428571
"'membantu','pengiriman','ongkosnya','mahal','kurir','reguler','tarif','ribu','kena','ribu'",negatif,8.1
"'uang','habis','ribu','konsultasi','resep','cuek','sam','dokternya','posisi','sakit'",negatif,7.5
"'mempermudah','konsultasi','janji','dokter','lingkungan','tingal'",negatif,10.0
"'beli','obat','sertakan','nota','pembelianya'",negatif,8.2
"'metode','pembayaran','sulit','kenpa','go','pay','isi','saldo','pakai','debit','teratas','rekening','bank','dam','sejisnya','hapy','hewan','bagus'",negatif,7.166666666666667
"'dokternya','baik','ramah'",positif,8.0
"'terbaik','menurutku','andalan','diriku','jelek','belanja','apotek','zaman','pandemi','aman','beli','daring'",positif,8.083333333333334
"'dokter','bagus','respon','cepat'",positif,7.5
"'terima,kasih','terkhusus','wid','patria','sabar','ramah','mendengarkan','konsultasi','pasien'",positif,8.5
"'tidak,bisa','disambung','gopay'",negatif,7.25
"'instal','sambung','gopay','tulisanya','nomor','terdaftar','nomor','gopaynya','terverifikasi','edit','bintangnya','terima,kasih'",negatif,8.923076923076923
"'konsultasi','chat','doctornya','kenakan','tarif','tarifnya'",negatif,9.166666666666666
"'bagus','pelayanan','cepat','dokter','ramah','harga','obat','jangkau'",positif,7.75
"'membantu','musim','pandemi'",positif,8.666666666666666
"'bagus','bagus','konsultasi','kehamilan','istri','semoga','berkah','sehat','amin'",positif,8.11111111111111
"'aplikasi','membantu'",positif,10.0
"'membantu','semoga','resep','obatnya','berkhasiat','kesembuhan','anak','terimakasih'",positif,9.625
"'lambat','respon','adminya','uang','cepat','keluhan','kendala','lambat','parah','jelek'",negatif,7.8
"'harga','bagus','sayang','error','lambat','respon','ditelpon','pelayanan','susah','masuk','hasil','rapid','antigen','jam','jam'",negatif,7.533333333333333
"'bagus','pelayananya','ramah'",positif,9.0
"'respon','costumer','servies','lambat','lambat','solusi','bermasalah','aplikasi','sinkron'",negatif,9.11111111111111
"'konsultasi','bayar','pakai','gopay','gagal','konsultasi','menu','konsultasi'",negatif,8.75
"'aplikasi','keren','membantu'",positif,9.0
"'auntik','vaksin','mandiri','kusus','lanjut,usia','umur','aplikasi'",positif,7.5
"'suka','pakai','aplikasi','konsultasi','murah','rumah','sakit'",positif,8.0
"'konsultasi','beli','obat','mudah','aplikasi','report','konsultasi','beli','obat','menunggu','rumah'",positif,8.181818181818182
"'aplikasi','membantu','suka'",positif,8.666666666666666
"'pelayanan','bagus','puas'",positif,8.0
"'bagus','mudahin','cek','tokonya','daerah'",negatif,7.6
"'kondisi','sulit','rumah','membantu','terima,kasih','barakalah'",positif,8.142857142857142
"'ok','memudahkan','membantu'",positif,8.666666666666666
"'bagus','membantu','terima','kasih','mudah','mudahan','berkembang'",positif,8.571428571428571
"'layanan','dokter','cepat','respon','komunikasi','terima','baik','terima','kasih'",positif,8.11111111111111
"'membantu','pandemi'",positif,9.5
"'pesan','obat','cepat','membantu','disetiap','kondisi'",positif,8.166666666666666
"'dokter','terlambat','postif','hamil','mohon','petunjuk','dokter'",positif,8.428571428571429
"'aplikasinya','mudah','membantu','semoga','responsif','melayani','konsultasi','terima,kasih'",positif,9.333333333333334
"'apotek','toko','beli','barang','harga','beli','ajar'",negatif,6.714285714285714
"'dokternya','ramah','komunikatif'",positif,10.333333333333334
"'terima','kasih','dokter','resep'",positif,7.5
"'bagus','pokoknya','musim','anak','sakit','mudah','nanganinya','terima,kasih','bantu'",positif,7.6
"'membantu','telepon','dimasa','pandemi','kedepanya','semoga','pilih','apotek'",positif,8.75
"'aplikasi','lambat','telepon,genggam','masuk','tampilan','aplikasi','redmi','note','mohon','bantuanya'",negatif,8.363636363636363
"'bayar','iklan','gratis'",negatif,7.333333333333333
"'masuk','kalender','kehamilan','menu'",negatif,8.5
"'proses','apotek'",negatif,8.0
"'membantu','tolong','mahal','mahal','konsultasi','pasien','butuh','bantuan','konsultasi'",negatif,8.88888888888889
"'asli','bagus','jam','malam','mencari','obat','pilek','anak','langsung','pakai','gojek'",positif,7.0
"'suka','aplikasi','membantu'",positif,8.666666666666666
"'memudahkan','konsultasi','dokter','membeli','obat','memudahkan','aplikasi','bagus'",positif,9.5
"'gatal','bintik','nanah','selangkangan','paha','petunjuk'",positif,8.666666666666666
"'pengguna','bagus','terima,kasih','penilaian','berubah','bagus','pelayanan'",negatif,8.5
"'bagus','dapetin','obatnya','repot','apotek','terima,kasih','bagus','konsultasi','dokter','lancar','cepat'",positif,7.916666666666667
"'mudah','informasinya','lengkap'",positif,10.0
"'teratas','membantu','terima,kasih'",positif,8.0
"'akun','tersambung','gopay','saldo','gopay','isinya','mohon','diperbaiki'",negatif,8.25
"'bagus','referensi','kesehatan'",positif,9.666666666666666
"'terima,kasih','dokternya','ramah'",positif,7.75
"'respon','dokter','baik','chat','cepat','dibalas','konsultasi','di,mana','mudah'",positif,7.1
"'cepat','penanganan','bagus'",positif,8.666666666666666
"'he','pembayaran','debit','bni','suportnya','terpaksa','pakai','mandiri'",negatif,8.125
"'aplikasi','cepat','respon','pelayanan','cepat','sukses','bagus'",positif,8.285714285714286
"'aplikasi','rongsokan','cari','obat','driver','gojek','diarahkan','apotek','tutup'",negatif,8.222222222222221
"'konsultasi','tht','langsung','responsif','kasih','resep','bagus','semoga','lekas','sembuh'",positif,8.2
"'dokternya','respon','baik','cepat','detail','konsultasi','bagus'",positif,8.428571428571429
"'dokternya','baik','nyaman','konsultasi','semoga','perbarui'",positif,9.166666666666666
"'bagus','mantap','susah','berobat','aplikasi','bagus'",positif,8.0
"'aplikasi','bagus','membantu','beli','obat','putar','putar','cari','apotek','terima','kasih'",positif,7.454545454545454
"'membantu','sehat','penanganan','cepat','mudah','diakses','terima,kasih'",positif,8.125
"'membantu','mudah','mudah','konsultasi','sembuh'",positif,8.8
"'jelas','aplikasi','pelan','responsif','jelas'",negatif,8.4
"'darurat','bagus'",positif,8.0
"'terlambat','brpa','menit','langsung','dibatalkan','jadwal','konsultasi','uang','pengembalian,dana','chat','botnya','pelayanan','payah','ngrespon'",negatif,8.8
"'terimakasih','saran','resep','terbagus','tatap','muka','dokter'",positif,8.285714285714286
"'membantu','konsultasi','obat','langsung','diterima','terima,kasih','dokter'",positif,8.625
"'bagus','dokternya','baik','pakai','kaget','langsung','beli','obat','pakai','gojek','keren','membantu'",positif,7.583333333333333
"'bagus','layanan','csnya','respon','cepat','tolong','aplikasi','pelan','dokter','asuransi','diterukan'",negatif,8.363636363636363
"'bermanfaat','kesehatan'",positif,11.5
"'dimudahkan','membeli','obat'",positif,9.0
"'membantu','konsultasi','dokter','pelayanan','ramah','jelas','membantu','solusi'",positif,9.125
"'mudah','cepat','informasinya'",positif,9.333333333333334
"'bagus','konsultasi','dokter','cepat','respon','ramah','terima','kasih'",positif,8.0
"'mantap','membantu','seumpama','rumah','sakit','puskesmas'",positif,8.833333333333334
"'puas','pelayanan','terima,kasih','membantu'",positif,8.0
"'aplikasi','konsultasi','anga','mintarsa','bagus','bagus','bagus','terima,kasih','dokter'",positif,8.0
"'aplikasi','membantu','konsultasi','kesehatan'",positif,10.75
"'membantu','solusi','baik','dokter','terpercaya','pengalaman','bagus'",positif,9.0
'membantu',positif,10.0
"'penjelasan','dokter','baik','bagus'",positif,8.25
"'aplikasi','terbaik','suka'",positif,8.333333333333334
"'membantu','cocok','resep','dokter','terima','kasih'",positif,7.833333333333333
"'aplikasi','membantu'",positif,10.0
"'penjelasan','jelas','detail','mudah','mengeti'",positif,8.6
"'bermanfaat','orang'",positif,9.5
"'bismilah','semoga','bermanfaat'",positif,10.0
"'cepat','keluhan','pasien'",positif,8.0
"'dokternya','komunikatif','ramah','sabar','saranya','jelas','secara,keseluruhan','terima,kasih','dokter'",positif,8.545454545454545
"'membantu','era','pandemi','semoga','ditingkatkan','layananya'",positif,9.5
"'dokter','ny','baik','baik','cepat','obat','kasi','obat','terbaik','langgan'",positif,6.7
"'parah','konsultasi','bayar','indonesia','merdeka','mapia','kaya'",negatif,8.428571428571429
"'terima,kasih','membantu'",positif,7.666666666666667
"'pemesanan','respon','salah','coba'",negatif,8.0
"'bagus','semoga','baik'",positif,7.0
"'mengakses','akun','nomor','telepon','hilang','mohon','bantuanya'",negatif,8.428571428571429
"'terbantu','kerumah','sakit','bagus','sembuh','sakit'",positif,8.0
"'sulit','apotek','pakai','puas','rumah'",positif,7.0
"'baiknya','arahkan','pembelian','obat','apotek','terdekat','rumah','pasien','terima','kasih'",positif,8.3
"'aplikasi','membantu','pandemi','manfatnya','saskit','gejala','ringan'",positif,9.142857142857142
"'tolong','filter','berdasarkan','wilayah','praktik','cek'",negatif,8.666666666666666
"'pakai','lumayan','tenang','konsultasi','dokternya'",positif,9.4
"'keren','pakai','asuransi'",positif,8.0
"'membantu','pandemi','rumah','konsultasi'",positif,9.5
"'dokter','rutin','periksa','tangal','tentukan','sesuai','kehamilan','perbulan','mohon','kebijakan','dockter'",positif,8.909090909090908
"'konsultasi','suka'",positif,9.0
"'pengemasan','cepat','pengiriman','cepat','kepepet','malam','malam','butuh','obat','kalah','cepat','terima,kasih'",positif,7.769230769230769
"'bermanfaat','efisien','tenaga','biaya','thanks'",positif,8.8
"'dokternya','ramah','solusi','sesuai','kondisi','konsultasi'",positif,9.166666666666666
"'membantu','pandemi','chat','dokter','cepat','responsif','profesional'",positif,9.142857142857142
"'bagus','membantu'",positif,8.5
"'membantu','cepat','kondisi','mendesak','pasien','datangke','rumah,sakit'",positif,8.25
"'membantu','kondisi','mendadak','mendesak','terima,kasih','semoga','sukses'",positif,8.5
"'bagus','konsultasi','berasa','diskusi','langsung','dokter'",positif,9.0
"'aplikasi','membantu'",positif,10.0
"'takut','rumahsakit','dokternya','bagus','bagus','makasih'",positif,8.833333333333334
"'terima,kasih','konsultasi','dokter','dokternya','ramah','cepat','balas','chat','senang'",positif,7.9
"'membantu','mengenali','penyakit','kucing','konsultasi','dokter','hewan'",positif,9.428571428571429
"'membantu','sakit'",positif,8.5
"'aplikasi','kehidupan','butuh','obat','tingal','pemesanan'",positif,8.833333333333334
"'dokter','jelas','terbantu','merawat','suami','terima,kasih'",positif,7.714285714285714
"'bagus','membantu','susah','cari','obat','aplikasiny','cepat','lengkap','bagus'",positif,7.888888888888889
"'membantu','dimasa','pandemi','mengurangi','kontak','langsung','dokter'",positif,9.285714285714286
"'dokter','melayani','gratis','respon','cepat','kaih','bintang','mencoba','konsultasi'",positif,8.555555555555555
"'bagus','terima','kasih','layanan','cepat','membantu'",positif,8.0
"'bagus','penjelasan','dokternya','detail','pakai','gambar','tubuh','cepat','mudah'",positif,8.222222222222221
"'aplikasi','membantu','sayang','bayar','pakai','ovo'",negatif,7.833333333333333
"'bagus','bermanfaat','respon','cepat','baik','tangap','membantu'",positif,8.285714285714286
"'binggung','ke,mana','aplikasi','membantu','terima,kasih','yah'",positif,7.0
"'menolong','semoga','membantu','masyarakat','kemudahan'",positif,10.2
"'membantu','covid','rumah'",positif,8.0
"'membantu','terima,kasih'",positif,7.666666666666667
"'bagus','aplikasi','membantu','pelayananya','cepat','bagus'",positif,9.0
"'tolong','fitur','gratis','chat','asuransi','spesialis','dokter','dokter'",negatif,8.25
"'tulisan','terhubung','dokter','saldo','terpotong','chat','diskusi','dokternya','aplikasi','jelek'",negatif,8.9
"'konsultasi','cepat'",positif,9.5
"'terima','kasih','membantu'",positif,8.333333333333334
'responya',negatif,10.0
"'dokter','ramah','lansung','point','penjelasan','penyakitnya','pertahankan'",positif,9.857142857142858
"'sunguh','bermanfaat','pandemi','memiliki','anak','sakit','malam'",positif,8.428571428571429
"'terima,kasih','aplikasi','membantu','konsultasi','kesehatan'",positif,9.333333333333334
"'detail','membantu','dokternya','kasih','resep','obat'",positif,8.166666666666666
"'malam','dokternya','sabar','melayani','konsultasi','keren','charles'",positif,9.0
"'ambilnya','obat','rumah','kasihan','gojeknya'",negatif,8.4
"'membantu','biaya','konsultasi','plus','obat','terjangkau','terima,kasih'",positif,8.25
"'ulasan','dokter','baik','obat','direkomendasikan','bagus','terima,kasih','dokter'",positif,8.222222222222221
"'membantu','aplikasi','berhubungan','dokter','pandemi'",positif,10.0
"'kasih','bintang','pemesanan','bayar','status','dibatalkan','uang','lari','ke,mana','uang','kasih','bintang','transaksi','dibatalkan'",negatif,7.933333333333334
"'membantu','keadan','pandemi','rumah'",positif,8.5
"'senang','konsultasi','dokter','bagus','tenang'",positif,8.6
"'aplikasi','bagus'",positif,8.5
"'membantu','informasi','kesehatan','butuhkan'",positif,10.5
"'puas','membantu','terimakasi','aplikasi','halodic','dokter','bertugas'",positif,9.285714285714286
"'susah','hubungkan','gopay','pin','dibilang','salah'",negatif,7.833333333333333
"'terima','kasih','aplikasi','membantu','pandemi'",positif,8.8
"'pesan','bagus','lancar','cepat','sampainya'",positif,8.0
"'tolong','sertifikat','vaksin','kemarin','vaksin','makan','mengeluarkan','tolong','usut','jelek','tolong','respon','kendala','terima,kasih'",positif,8.333333333333334
"'terimakasih','membantu'",positif,11.5
"'cepat','penanganan','terima,kasih','ksih','terbantu','kondisi','mendesak'",positif,8.375
"'membantu','keadan','pandemi','covid','bagus'",positif,8.2
"'membantu','konsultas','semoga','cocok','obatnya','amin'",positif,8.5
"'bermanfaat','konsultasi','kesehatan','cepat','bagus'",positif,9.8
"'tolong','percepat','prosesnya','tes','pacar','kemaren','nunggu','ac','butuh','cepat'",negatif,7.6
"'dokter','tolong','area','perluas','daerah','jawa','timur','blitar'",negatif,7.5
"'penjelasan','baik'",positif,9.0
"'membantu','situasi','pandemi','repot','repot','rumah'",positif,8.166666666666666
"'suka','memudahkan','sibuk','memeriksakan','dokter'",positif,9.4
"'dokternya','ramah','membantu','terima,kasih'",positif,8.2
"'bagus','membantu'",positif,8.5
"'bagus','kondisi','pandemi','berobat','rumah'",positif,8.2
"'membantu','mencari','solusi','kesehatan','terima,kasih'",positif,8.5
"'aplikasi','membantu','sulit','antre','beli','obat'",positif,7.666666666666667
"'cepat','responsif','solusi'",positif,8.666666666666666
"'membantu','upload','resep','tingal','menunggu','obat','antre','apotek'",positif,8.0
"'bagus','opsi','saran','driver','gojeknya'",negatif,7.6
"'rekomen','membantu','terima,kasih','bagus'",positif,7.8
"'bagus','rekomendasi','konsultasi','pergi','rumah','sakit'",positif,8.833333333333334
'diandalkan',positif,12.0
"'aplikasinya','pelan','macet','tolong','servernya','perbaiki','terima,kasih'",negatif,8.625
"'tolong','alasan','pesanan','dibatalkan','batal'",negatif,8.8
"'mudah','cepat'",positif,7.0
"'membantu','aplikasi','terima,kasih','dokter'",positif,8.2
"'bagus','berbicara','ahli','diagnosis'",positif,8.75
"'terbantu','aplikasi','kondisi','pandemi','covid'",positif,9.0
"'membantu','beli','obat','darurat','terima,kasih','gojek'",positif,7.285714285714286
"'membantu','darurat','konsultasi','obat','rumah','biaya','terjangkau'",positif,9.0
"'bagus','membantu','isoman'",positif,8.333333333333334
"'bagus','membantu'",positif,8.5
"'dokternya','ramah'",positif,9.0
"'puas','pelayanan','baik','keluarga'",positif,8.25
"'kadang','barangnya','kosong'",negatif,9.0
"'solusi','pandemi'",positif,8.5
"'respon','dokter','cepat','penyampaian','padat','jelas','puas','pelayanan'",positif,8.375
"'dokter','responsif','bagus','dokter','galak'",negatif,8.2
'membantu',positif,10.0
"'sederhana','sulit'",positif,9.0
"'terbantukan','rumah,sakit','pandemi','suka'",positif,8.0
"'baik','care'",positif,6.0
"'instal','mingu'",negatif,7.5
"'konsultasi','dokter','ramah','pengiriman','obat','cepat','terima,kasih'",positif,8.125
"'surat','keterangan','sakit','dokter'",positif,8.5
"'dokernya','ramah','ramah','chat','jam','pagi','dilayani','baik'",positif,7.125
"'cepat','respon','dokternya','kondisi','arahan','resep','obat'",positif,8.0
'membantu',positif,10.0
"'dokternya','bagus','wilayah','pengantaran','obat','luas'",negatif,8.666666666666666
"'praktis','membantu','dikala','rumah','kantor'",positif,8.4
'membantu',positif,10.0
"'puas','mudah','konsultasi','dokter'",positif,8.25
"'responya','cepat'",positif,8.5
"'senang','konsultasi','anti','khawatir','kontak'",positif,8.8
'membantu',positif,10.0
"'pengiriman','cepat'",positif,9.5
"'membantu','cepat','kebutuhan','obat','obatan','konsultasi','kesehatan'",positif,9.285714285714286
"'selamat','pagi','sertifikat','dibuka','vaksin'",negatif,8.6
"'membantu','terima,kasih'",positif,7.666666666666667
"'membantu','pandemi'",positif,9.5
"'terima','kasih','membantu','pandemi','bantu'",positif,8.2
'membantu',positif,10.0
"'membantu','bagus'",positif,8.5
"'terima,kasih','keluhan','pelayanan','cepat','menangapi','bantu'",positif,8.285714285714286
'membantu',positif,10.0
"'chat','balas','dokternya','saldo','jelek'",negatif,7.6
'membantu',positif,10.0
"'pakai','aplikasi','lancar','informatif'",positif,9.25
"'keren','praktis','terpercaya'",positif,9.333333333333334
'membantu',positif,10.0
"'aplikasi','membantu','kondisi','istirahat'",positif,10.0
"'dokternya','menjelaskan','baik','semoga','anak','lekas','sembuh'",positif,8.428571428571429
"'aplikasi','layanan','membantu','semoga','sukses'",positif,9.0
"'aplikasi','membantu','respon','cepat','pengiriman','cepat'",positif,9.0
"'aplikasi','membantu','pasien','berpergian'",positif,10.0
"'dokternya','baik','penjelasanya','jelas','membantu'",positif,9.6
"'terima,kasih','mudah','mudahan','cepat','sembuh','penyakit'",positif,7.714285714285714
"'pelayanan','baik','terimakasih','dokter'",positif,9.5
"'cepat','bagus'",positif,7.0
'membantu',positif,10.0
"'aplikasi','manfatnya','bagus','mudah'",positif,8.75
"'senang','curahan,hati','dada','bingung','terimakasih','terimakasih'",positif,8.857142857142858
"'terima,kasih','membantu','pandemi'",positif,8.0
"'pelayananya','memuaskan','petugasnya','ramah','terima','kasih'",positif,9.666666666666666
"'membantu','tenang','informasi','solusi'",positif,9.25
"'dokter','hewan','ramah'",positif,7.333333333333333
"'membantu','pendemi','rumah,sakit','takut','takut'",positif,7.5
"'cepat','respon','dokter','ramah','penjelasan','detail'",positif,8.333333333333334
"'aplikasi','bagus','wilayah','lombok','barat'",negatif,8.2
"'membantu','pandemi'",positif,9.5
"'chat','dokter','gratis','bayar','bagus'",negatif,7.2
"'membantu','dokternya','jelas','sabar'",positif,8.75
"'aplikasi','membantu','palagi','kondisi','pandemi','rumah,sakit','rujukan','copid'",positif,8.222222222222221
"'informasi','advise','membantu','terima','kasih','dokter'",positif,8.666666666666666
"'membantu','rumah','menemui','dokter'",positif,8.5
"'bayar','gopay','docternya','respon','kemana','uang','gopay','bayar','ganti','dokter'",negatif,7.6
'membantu',positif,10.0
"'pembayaran','gagal','uang','kepotong','dokter','beres'",negatif,8.333333333333334
"'bagus','membantu','pandemi'",positif,8.666666666666666
"'bagus','membantu','terima,kasih','semoga','sukses'",positif,7.666666666666667
"'membantu','membeli','obat','langsung'",positif,8.75
"'bagus','responsif','aplikasinya','lambat','lambat'",positif,9.4
"'membantu','mendesak'",positif,10.0
"'memudahkan','terima,kasih','layananya'",positif,9.0
'membantu',positif,10.0
"'bagus','aplikasi','cepat','tangap','terima','kasih'",positif,7.833333333333333
"'pelayanan','respon','dokter','apotek','baik','cepat'",positif,8.0
"'membantu','pandemi','saran','responsif'",positif,9.25
'dokternya',positif,11.0
"'puas','konsultasi','aplikasi','layananya','cepat'",positif,9.2
"'ketemu','pengembangan','vidio','call','keren'",positif,8.4
"'barang','bayar','respon','jelek'",negatif,7.5
"'terima,kasih','aplikasi','terbantu'",positif,8.25
"'bagus','pengiriman','pesanan','cepat','diskon'",positif,8.6
"'pelayanan','baik','cepat','kirim','cepat','terima','kasih'",positif,7.571428571428571
"'dokternya','baik','sulit','rumah'",positif,7.75
"'dokternya','cepat','tangap','ramah','memuaskan'",positif,8.8
"'baik','sabar'",positif,6.5
'memudahkan',positif,12.0
"'membantu','kondisi','sibuk','ditambah','pandemi'",positif,9.0
"'penyelamat','dikala','obat','dicari','apotek','terdekat','kosong','bagus'",positif,8.375
"'terima','kasih','semoga','maju','berkembang'",positif,8.2
"'unduh','resep','digital','dokumen','keteranganya','terunduh','masuk','dokumen','jelek'",negatif,8.777777777777779
"'aplikasi','membantu','memudahkan','masyarakat'",positif,11.0
"'membantu','meringankan','beban','rumah'",positif,9.25
"'konsultasi','semoga','baik'",positif,8.666666666666666
"'bagus','dicoba'",positif,7.5
"'membantu','mencari','informasi','kesehatan','terima,kasih'",positif,9.0
"'membantu','senang','terima,kasih'",positif,7.75
"'cepat','tangapi','puas','konsultasi','terima','kasih'",positif,8.166666666666666
'bermanfaat',positif,12.0
"'nunggu','dokter','chat','bayar','registrasi'",negatif,8.2
"'membantu','pembelian','obat','konsultasi','dokter'",positif,9.4
"'bagus','cepat','obatnya'",positif,7.666666666666667
"'bagus','membantu'",positif,8.5
"'prabayar','mengunakn','ovo','gimna','komen','dokter','hu','payah'",negatif,7.375
"'sulit','aplikasi','nyambungin','gopay','susah'",negatif,8.6
"'bermanfaat','bagus','aplikasinya'",positif,10.666666666666666
"'aplikasi','inovasi','anak','bangsa','hebat','membantu','masyarakat','indonesia','mempermudah','akses','layanan','kesehatan','fitur','fiturnya','membantu','di,tengah','pandemi','aplikasi','membantu','berobat','mengantri','ulasan','lengkap'",positif,9.0
"'semoga','membantu'",positif,9.0
"'bagus','aplikasi','bagus'",positif,8.0
"'bagus','aplikasinya'",positif,10.0
"'keren','aplikasi','keadan','darurat'",positif,8.5
"'lumayan','membantu'",positif,9.5
"'puas','konsultasi','dokter','dokter'",positif,8.5
'memuaskan',positif,11.0
'bermanfaat',positif,12.0
"'aplikasi','membantu','terima','kasih','bagus'",positif,8.4
'membantu',positif,10.0
"'bicara','bicara','menyediakan','kalender','menstruasi'",negatif,10.2
'membantu',positif,10.0
"'terima','kasih','cepat','respon','dokter','spog','resepnya','cocok','bantu'",positif,7.555555555555555
"'bagus','bagus'",positif,7.0
"'penjelasan','mengerti'",positif,11.0
'membantu',positif,10.0
"'lugas','jelas'",positif,7.0
"'senang','konsultasi','mudah'",positif,9.0
"'daftar','gagal','sinyal','lancar'",negatif,7.75
"'semoga','anak','cocok','obat','dokter','anak','resepkan'",positif,7.285714285714286
"'membantu','mudah','bagus','pokonya'",positif,8.25
"'pelayanan','cepat'",positif,9.0
'membantu',positif,10.0
"'aplikasi','membantu','terima','kasih'",positif,8.75
"'memudahkan','pandemi'",positif,10.5
"'pelan','dibuka','lambat'",negatif,7.666666666666667
"'praktis','antre','dokter','cepat','respon'",positif,7.8
'membantu',positif,10.0
"'dokternya','ramah','cepat','respon','terima,kasih'",positif,7.666666666666667
'membantu',positif,10.0
"'beli','obat','jam','mudah','sulit','terima,kasih','bagus'",positif,6.375
"'pakai','konsultasi','hasilnya','bagus'",positif,9.0
"'pelayanan','prima'",positif,9.0
"'membantu','kondisi','penyakit'",positif,9.666666666666666
"'membantu','situasi','pandemi'",positif,9.333333333333334
'bantu',positif,7.0
'bagus',positif,7.0
'membantu',positif,10.0
"'dokter','cepat','tangap','mendengarkan','keluhan'",positif,9.2
"'membantu','sukses'",positif,9.0
'membantu',positif,10.0
'membantu',positif,10.0
'membantu',positif,10.0
'membantu',positif,10.0
'membantu',positif,10.0
'membantu',positif,10.0
'membantu',positif,10.0
'membantu',positif,10.0
"'respon','dokter','ramah','cepat','semoga','sukses','senang'",positif,7.714285714285714
'membantu',positif,10.0
"'aplikasi','dibutuhkan','rumah,sakit'",positif,8.5
'membantu',positif,10.0
"'memuaskan','cepat','obat','apapun','tersedia'",positif,8.4
'membantu',positif,10.0
'membantu',positif,10.0
'membantu',positif,10.0
'membantu',positif,10.0
'membantu',positif,10.0
"'membantu','sakit'",positif,8.5
'membantu',positif,10.0
"'metode','perbayar'",negatif,9.0
'membantu',positif,10.0
'membantu',positif,10.0
'membantu',positif,10.0
'membantu',positif,10.0
"'membantu','berobat','pandemi'",positif,9.333333333333334
'membantu',positif,10.0
"'terima','kasih','dokternya','baik','ramah'",positif,7.8
"'aplikasi','membantu','pandemi','bagus'",positif,9.0
"'layanan','konsultasi','kesehatan','cepat','sederhana'",positif,10.0
"'membantu','bantu'",positif,8.5
"'membantu','bantu'",positif,8.5
'membantu',positif,10.0
"'membantu','pandemi'",positif,9.5
"'cepat','praktis'",positif,8.0
"'membantu','pandemi'",positif,9.5
"'seru','diskusi','bareng','dokternya','teman','curhat'",positif,8.166666666666666
"'dokter','baik','ramah','puas','solusi'",positif,7.0
'membantu',positif,10.0
'membantu',positif,10.0
"'membantu','pandemi','dokternya','bagus'",positif,9.25
"'bagus','membantu','darurat'",positif,8.666666666666666
"'puas','dokter','kasih','arahan','terima,kasih'",positif,7.0
"'puas','pelayananya','semoga','berkah','sehat'",positif,8.4
"'obat','dokternya','manjur','terima,kasih','bantu'",positif,7.5
"'dokternya','ramah','perhatian','terima,kasih'",positif,8.4
"'membantu','pandemi'",positif,9.5
"'membantu','dokternya','ramah'",positif,9.333333333333334
"'terbantu','pandemi','masi','takut','rumah,sakit'",positif,7.333333333333333
"'ramah','respon','cepat','terima,kasih'",positif,7.0
"'singkat','padat','jelas','chat','dokter','spesialis'",positif,8.0
"'membantu','situasi'",positif,9.5
"'nyaman','dokternya','suka'",positif,8.333333333333334
"'respon','dokter','cepat','detail','pengiriman','obat','cepat'",positif,8.0
"'respon','dokternya','baik','baik','aplikasi','membantu','pasien'",positif,8.428571428571429
"'membantu','pandemi','demam'",positif,8.666666666666666
"'membantu','aplikasi'",positif,10.0
'membantu',positif,10.0
"'membantu','terima','kasih'",positif,8.333333333333334
"'terima,kasih','kasih','bantuanya','dokter'",positif,7.8
'membantu',positif,10.0
"'membantu','dokter'",positif,9.0
"'pelayananya','bagus','obatnya','cepat','nyampenya'",positif,9.4
'membantu',positif,10.0
'membantu',positif,10.0
"'bagus','pakai','gratis','bayar'",positif,7.25
"'dokter','jelas','penjelasanya','resep'",positif,9.0
"'membantu','kondisi','menentu'",positif,9.333333333333334
"'terbaik','bagus','membantu','pandemi','suka'",positif,8.2
"'membantu','rumah','terima,kasih'",positif,7.5
"'suka','dokter','aplikasi'",positif,8.0
"'membantu','dikala','pendemi'",positif,9.0
'membantu',positif,10.0
"'dokternya','ramah','respon','cepat','koperatif'",positif,8.8
"'dokternya','ramah','ramah','menjelaskan','detail'",positif,9.2
"'membantu','kebutuhan','obat','thanks'",positif,8.75
"'bagus','menolong','terima','kasih'",positif,8.0
"'daftar','vaksin','tanggal','maret','menceknya'",negatif,8.6
"'membantu','pandemi','terima,kasih','kasih'",positif,7.8
"'semudah','diklik','praktis','bantu'",positif,8.25
"'pelayananya','ramah','paham','bidangnya'",positif,9.5
"'bagus','aplikasi','dokter','pribadi','terima,kasih'",positif,7.833333333333333
"'memudahkan','konsultasi','rumah'",positif,10.333333333333334
"'membantu','pelayanan','dokter','memuaskan'",positif,10.0
